{"cameraMode":{"drawMode":0,"name":"Shaded","section":"Shading Mode"},"sceneLighting":false,"audioPlay":false,"sceneViewState":{"m_AlwaysRefresh":false,"showFog":false,"showSkybox":false,"showFlares":false,"showImageEffects":false,"showParticleSystems":false,"showVisualEffectGraphs":true,"m_FxEnabled":true},"in2DMode":false,"pivot":{"x":0.004644632339477539,"y":0.8305538892745972,"z":0.05247163772583008},"rotation":{"x":0.23835192620754243,"y":-0.7019301056861877,"z":0.2722172439098358,"w":0.6135779023170471},"size":1.451657772064209,"orthographic":false}